component,backend,accuracy,precision,recall,f1,checkpoint
text,sklearn,0.9777777777777777,0.9794871794871796,0.9777777777777777,0.9772121212121211,
image,tiny_cnn,0.6666666666666666,0.4444444444444444,0.6666666666666666,0.5333333333333333,tiny-cnn-smoke
behavior,gru,0.5,0.25,0.5,0.3333333333333333,
