backend,accuracy,precision,recall,f1
sklearn,0.9777777777777777,0.9794871794871796,0.9777777777777777,0.9772121212121211
