backend,checkpoint,accuracy,precision,recall,f1
tiny_cnn,tiny-cnn-smoke,0.6666666666666666,0.4444444444444444,0.6666666666666666,0.5333333333333333
